Date,Close/Last,Volume,Open,High,Low,DAY
02/24/2020,15.38,2554819,15.85,15.87,15.32,0
02/25/2020,14.49,3114266,15.52,15.6499,14.1399,1
02/26/2020,13.7,3268615,14.7,14.795,13.62,2
02/27/2020,13.18,5398096,13.26,13.83,12.79,3
02/28/2020,13.13,3718285,12.72,13.3,12.67,4
03/02/2020,12.91,2289896,13.26,13.35,12.55,5
03/03/2020,12.69,4786398,12.99,13.65,12.53,6
03/04/2020,13.83,4906841,13.43,14.02,12.95,7
03/05/2020,11.67,6842556,13.29,13.3,11.6,8
03/06/2020,11.3,3162674,11.11,11.75,11.02,9
03/09/2020,10.41,2950465,10.07,11.18,10.01,10
03/10/2020,11.49,4755836,10.96,11.59,10.61,11
03/11/2020,10.86,5831115,11.48,11.54,10.755,12
03/12/2020,10.07,5239060,10.22,11.12,9.98,13
03/13/2020,11.28,4965988,10.8,11.33,10.3227,14
03/16/2020,9.8,4343795,9.78,10.48,9.215,15
03/17/2020,9.48,4286442,9.83,10.09,8.59,16
03/18/2020,8.04,3838883,8.6,9.2223,7.42,17
03/19/2020,9.13,2434564,7.92,9.22,7.505,18
03/20/2020,8.69,3403883,9.37,9.69,8.57,19
03/23/2020,8.22,2884956,8.59,8.93,8.08,20
03/24/2020,9.14,3859999,9.01,9.53,8.69,21
03/25/2020,9.47,3873042,9.19,9.685,8.785,22
03/26/2020,10,5052422,9.71,10.62,9.1,23
03/27/2020,9.91,3034780,9.4,10.1,9,24
03/30/2020,9.31,1588860,9.8,9.8,9.14,25
03/31/2020,9.09,2346424,9.31,9.585,8.76,26
04/01/2020,8.17,2383085,8.47,8.49,8.03,27
04/02/2020,7.97,2710832,8.05,8.46,7.415,28
04/03/2020,8.06,2068040,8.02,8.17,7.67,29
04/06/2020,9.52,3063029,8.64,9.59,8.61,30
04/07/2020,10.09,3432124,10.38,10.83,9.95,31
04/08/2020,10.61,1775180,10.17,10.86,10.04,32
04/09/2020,11.37,2710511,11.18,11.915,11.01,33
04/13/2020,11,2987411,11.35,11.35,10.83,34
04/14/2020,11.1,2151540,11.38,11.71,11.08,35
04/15/2020,10.16,1634982,10.28,10.38,9.87,36
04/16/2020,10.1,1151290,10.16,10.38,9.91,37
04/17/2020,11.07,2352912,11,11.32,10.64,38
04/20/2020,10.3,2104500,10.52,11.05,10.25,39
04/21/2020,9.76,2080571,9.7,9.98,9.37,40
04/22/2020,9.15,3089085,9.9,9.9342,9.01,41
04/23/2020,9.04,2300796,9.06,9.52,9.01,42
04/24/2020,9.1,1632475,9.13,9.27,8.795,43
04/27/2020,10.61,2948992,9.21,10.7,9.12,44
04/28/2020,11.18,3085369,11.2,11.42,10.495,45
04/29/2020,11.38,2570151,11.9,11.97,11.37,46
04/30/2020,10.58,2033215,10.86,10.99,10.51,47
05/01/2020,10.1,1731752,10.22,10.37,9.72,48
05/04/2020,9.75,1891665,9.8,10.22,9.51,49
05/05/2020,9.55,2333787,10,10.255,9.515,50
05/06/2020,9.59,2047444,9.76,9.82,9.34,51
05/07/2020,10.16,1793535,9.8,10.645,9.76,52
05/08/2020,10.59,1771736,10.46,10.66,10.375,53
05/11/2020,11.14,3203878,10.34,11.31,10.19,54
05/12/2020,11.01,4505323,11.2,11.41,10.94,55
05/13/2020,10.49,3709703,10.7,11.0766,10.255,56
05/14/2020,10.52,3076524,10.18,10.915,9.915,57
05/15/2020,11.14,1969711,10.41,11.34,10.26,58
05/18/2020,11.86,2713065,11.97,12.3,11.645,59
05/19/2020,11.65,2190277,11.74,12.07,11.43,60
05/20/2020,11.36,2595460,11.83,11.8878,11.25,61
05/21/2020,12.03,3542906,11.39,12.39,11.37,62
05/22/2020,11.81,2320316,12,12.18,11.64,63
05/26/2020,12.66,3181762,12.56,12.75,12.34,64
05/27/2020,13.05,5141632,13.2,13.34,12.3,65
05/28/2020,11.6,5709837,12.28,12.51,11.47,66
05/29/2020,11.62,3373884,11.53,11.99,11.264,67
06/01/2020,11.44,4070281,11.68,11.81,11.155,68
06/02/2020,11.91,2501118,11.44,12,11.16,69
06/03/2020,13.26,4233064,12.19,13.315,12.15,70
06/04/2020,13.53,2917131,13.26,13.68,13.07,71
06/05/2020,13.83,2488776,14.41,14.64,13.64,72
06/08/2020,14.17,1740245,14.36,14.36,13.78,73
06/09/2020,13.15,2197615,13.73,13.78,13.035,74
06/10/2020,12.22,2979964,12.99,13.055,12.21,75
06/11/2020,11.08,2490434,11.42,11.63,10.93,76
06/12/2020,11.14,2291839,11.69,11.74,10.68,77
06/15/2020,11.45,2561783,10.6,11.55,10.36,78
06/16/2020,12.32,2662335,12.39,12.52,11.81,79
06/17/2020,11.38,2483800,12.24,12.31,11.29,80
06/18/2020,11.46,1809808,11.21,11.78,11.12,81
06/19/2020,10.65,3583726,11.72,11.73,10.65,82
06/22/2020,10.89,2105661,10.61,11.12,10.46,83
06/23/2020,10.74,1741061,10.96,11.05,10.51,84
06/24/2020,10.07,2089182,10.5,10.62,10.035,85
06/25/2020,9.86,2760771,9.89,10.015,9.57,86
06/26/2020,9.81,3689642,9.91,10.105,9.63,87
06/29/2020,10.47,2070879,9.96,10.865,9.7465,88
06/30/2020,10.64,1868334,10.44,10.685,10.22,89
07/01/2020,10.59,1792870,10.71,11.12,10.5201,90
07/02/2020,10.83,2317516,10.88,11.1718,10.65,91
07/06/2020,11.04,2031668,11.15,11.47,10.65,92
07/07/2020,10.31,2034695,10.84,10.9,10.27,93
07/08/2020,10.46,2461323,10.23,10.49,9.96,94
07/09/2020,9.9,2407075,10.42,10.42,9.81,95
07/10/2020,9.75,2683136,9.85,10.065,9.6,96
07/13/2020,9.86,2250069,9.79,10.18,9.52,97
07/14/2020,10.06,2138261,9.81,10.11,9.53,98
07/15/2020,10.45,2692653,10.49,10.76,10.0473,99
07/16/2020,10.51,2050478,10.36,10.765,10.25,100
07/17/2020,9.97,2587633,10.5,10.5,9.94,101
07/20/2020,9.38,3786906,9.81,9.83,9.33,102
07/21/2020,9.86,2692812,9.45,10.11,9.42,103
07/22/2020,9.97,2357664,9.76,10.03,9.68,104
07/23/2020,10.22,2071168,9.94,10.27,9.9119,105
07/24/2020,9.84,2153447,10.21,10.43,9.83,106
07/27/2020,9.69,3366101,9.85,9.9096,9.41,107
07/28/2020,10.04,2057126,9.69,10.18,9.69,108
07/29/2020,10.33,2328460,10,10.5,10,109
07/30/2020,9.86,2201320,10.18,10.2,9.645,110
07/31/2020,9.63,2859397,9.84,9.92,9.55,111
08/03/2020,9.42,3057768,9.63,9.775,9.345,112
08/04/2020,9.55,2016129,9.36,9.66,9.36,113
08/05/2020,9.71,1909941,9.71,9.94,9.58,114
08/06/2020,9.48,2095531,9.71,9.79,9.47,115
08/07/2020,9.9,2359883,9.44,9.95,9.3,116
08/10/2020,10.5,2040214,10.03,10.6,9.95,117
08/11/2020,10.95,2920991,10.65,11.23,10.65,118
08/12/2020,10.81,1390617,11,11.22,10.545,119
08/13/2020,10.7,1438352,10.67,10.82,10.53,120
08/14/2020,10.82,1173043,10.67,10.88,10.37,121
08/17/2020,11.14,1848627,10.85,11.34,10.73,122
08/18/2020,10.36,2713471,10.77,10.81,10.11,123
08/19/2020,10.32,1164413,10.34,10.53,10.195,124
08/20/2020,10.06,1455096,10.28,10.44,10.015,125
08/21/2020,10.11,2124761,10.07,10.355,9.975,126
08/24/2020,10.58,2499379,10.06,10.71,10.06,127
08/25/2020,10.84,2164592,10.76,11,10.46,128
08/26/2020,11.13,5071242,11.18,11.57,10.96,129
08/27/2020,12.03,13709400,12.61,13.2,11.892,130
08/28/2020,12.31,5654626,12.22,12.36,11.675,131
08/31/2020,13.01,4724276,12.41,13.14,12.3201,132
09/01/2020,12.96,2750552,12.9,13.03,12.63,133
09/02/2020,12.7,3049843,13.16,13.29,12.57,134
09/03/2020,12.69,2694362,12.7,13.1,12.405,135
09/04/2020,13.6,3605136,12.93,13.64,12.75,136
09/08/2020,14.23,4124763,13.46,14.5,13.33,137
09/09/2020,14.54,3263294,14.04,14.56,13.83,138
09/10/2020,14.33,3054906,14.68,14.98,14.33,139
09/11/2020,14.26,1944464,14.52,14.65,14.005,140
09/14/2020,14.98,2685447,14.49,15.15,14.39,141
09/15/2020,15.2,2149617,15.15,15.4,14.89,142
09/16/2020,15.49,2096134,15.43,15.79,15.27,143
09/17/2020,15.35,1692825,15.23,15.76,15.04,144
09/18/2020,15.27,2278735,15.38,15.74,15.09,145
09/21/2020,14.69,1835100,14.92,15.01,14.62,146
09/22/2020,14.62,1934804,14.72,15.06,14.56,147
09/23/2020,14.58,1608779,14.86,15.085,14.54,148
09/24/2020,14.46,1652728,14.49,14.94,14.295,149
09/25/2020,14.61,930054,14.51,14.765,14.41,150
09/28/2020,14.76,1558513,14.81,15.13,14.65,151
09/29/2020,13.96,2128249,14.89,14.89,13.7,152
09/30/2020,13.93,1979645,14.08,14.48,13.77,153
10/01/2020,14.65,3191986,13.9,14.68,13.9,154
10/02/2020,15.2,2231203,14.28,15.25,14.1,155
10/05/2020,15.73,2875469,15.49,15.9,15.22,156
10/06/2020,15.54,2185212,15.76,16.12,15.44,157
10/07/2020,16.51,2237652,15.92,16.52,15.82,158
10/08/2020,16.88,2099397,16.52,16.9484,16.41,159
10/09/2020,16.37,1612642,16.98,17.2,16.35,160
10/12/2020,16.55,1713213,16.46,16.66,16.02,161
10/13/2020,16.3,1855951,16.55,16.75,16.23,162
10/14/2020,16.47,1899919,16.54,16.95,16.355,163
10/15/2020,16.6,1302871,16.42,16.66,16.23,164
10/16/2020,15.64,1406014,16.55,16.62,15.6224,165
10/19/2020,15,1766349,15.63,15.82,14.9,166
10/20/2020,15.06,1530332,15.15,15.5,15.04,167
10/21/2020,14.85,1253801,15.14,15.28,14.6601,168
10/22/2020,15.67,1612340,15.02,15.7,14.935,169
10/23/2020,15.91,1221395,15.74,15.93,15.445,170
10/26/2020,15.12,1988639,15.5,15.74,15,171
10/27/2020,14.92,1382849,15.1,15.1,14.62,172
10/28/2020,14.17,1639650,14.52,14.96,14.16,173
10/29/2020,14.29,925390,14.3,14.46,14.07,174
10/30/2020,14.22,1043951,14.2,14.42,14.04,175
11/02/2020,14.43,1431467,14.39,14.81,14.05,176
11/03/2020,15.13,2429370,14.74,15.23,14.5,177
11/04/2020,14.81,1181069,14.87,15.07,14.57,178
11/05/2020,15.34,1449055,14.92,15.85,14.9,179
11/06/2020,15.53,4430963,15.45,16.19,15.23,180
11/09/2020,18.67,5398965,16.6,18.92,16.31,181
11/10/2020,18.74,2486463,18.1,19.06,18.03,182
11/11/2020,18.07,2479852,18.8,18.8,17.7,183
11/12/2020,17.71,1413095,17.85,17.99,17.36,184
11/13/2020,18.06,968150,17.81,18.18,17.73,185
11/16/2020,19,1554370,18.78,19.02,18.01,186
11/17/2020,19.31,1657935,18.57,19.405,18.3473,187
11/18/2020,19.93,2287882,19.64,20.65,19.51,188
11/19/2020,20.47,1541785,19.94,20.5,19.8,189
11/20/2020,20.89,1736330,20.25,20.97,20.16,190
11/23/2020,22.69,5385653,21.21,22.77,21.09,191
11/24/2020,22.97,6160876,23.75,23.82,21.65,192
11/25/2020,22.83,2515471,22.44,22.97,21.98,193
11/27/2020,22.61,1681889,22.74,23.47,22.38,194
11/30/2020,20.74,4583583,22.4,22.5,20.74,195
12/01/2020,20.21,3735731,21.15,21.2017,19.6499,196
12/02/2020,20.75,1801095,20.16,21.09,19.77,197
12/03/2020,21.14,1738642,20.91,21.745,20.55,198
12/04/2020,21.27,1158901,21.08,21.32,20.32,199
12/07/2020,22.08,1712853,21.05,22.35,21.03,200
12/08/2020,21.86,1679309,21.94,22.62,21.81,201
12/09/2020,21.53,1640129,22.07,22.24,21.25,202
12/10/2020,21.59,986956,21.13,21.9,20.99,203
12/11/2020,20.69,1096026,21.31,21.72,20.45,204
12/14/2020,20.09,1220825,20.94,20.965,20.015,205
12/15/2020,20.55,1321433,20.17,20.74,20.0298,206
12/16/2020,20.28,712975,20.58,20.85,20.03,207
12/17/2020,20.66,746298,20.33,20.68,20.15,208
12/18/2020,20.04,1624588,20.64,20.8382,19.825,209
12/21/2020,19.46,1485365,19.6,19.98,19.38,210
12/22/2020,19.08,1183850,19.68,19.68,18.69,211
12/23/2020,20.52,1381147,19.2,20.63,19.2,212
12/24/2020,20.09,486189,20.56,20.67,19.91,213
12/28/2020,20.41,1015700,20.22,20.93,20.04,214
12/29/2020,20.3,1116301,20.42,20.7181,19.64,215
12/30/2020,20.71,1023219,20.39,20.78,20.35,216
12/31/2020,20.36,1030574,20.72,20.93,20.34,217
01/04/2021,20.49,2065755,20.51,21.25,20.25,218
01/05/2021,21.37,2320836,20.26,22.12,20.26,219
01/06/2021,22.24,1857297,21.98,22.65,21.67,220
01/07/2021,21.21,1311976,22.32,22.69,21.07,221
01/08/2021,21.53,1367835,21.44,21.91,21.01,222
01/11/2021,23.04,3928500,21.19,23.8197,21.19,223
01/12/2021,23.26,3710108,23,23.905,22.39,224
01/13/2021,23.7,1866779,22.98,24.2801,22.62,225
01/14/2021,23.7,2376245,23.93,24.7613,23.57,226
01/15/2021,24.26,1390012,23.45,24.26,23.16,227
01/19/2021,23.62,1066456,24.42,24.57,23.61,228
01/20/2021,23.6,878070,23.73,24.39,23.5,229
01/21/2021,24.09,1219465,23.69,24.39,23.68,230
01/22/2021,24.32,1044617,23.98,24.42,23.57,231
01/25/2021,24.42,2266739,24.5,25.84,23.79,232
01/26/2021,24.39,943078,24.75,24.97,24.0439,233
01/27/2021,22.89,1576612,23.95,24.24,22.7505,234
01/28/2021,23.58,1418036,22.99,24.07,22.99,235
01/29/2021,23.07,1538398,23.62,23.8,22.815,236
02/01/2021,23.01,1099653,23.07,23.29,22.29,237
02/02/2021,23.61,1380098,23.28,23.85,22.77,238
02/03/2021,24.66,1142408,23.91,24.89,23.77,239
02/04/2021,25.8,1083806,24.78,25.8,24.66,240
02/05/2021,26.04,814774,25.95,26.3,25.34,241
02/08/2021,25.5,1501663,26.28,26.67,25.38,242
02/09/2021,24.66,966034,25.41,25.41,24.62,243
02/10/2021,24.68,765243,24.85,25.03,24.18,244
02/11/2021,25.61,1596762,24.78,25.94,24.55,245
02/12/2021,25.1,607812,25.39,25.4331,24.73,246
02/16/2021,25.92,1052537,25.19,25.93,24.75,247
02/17/2021,26.34,1700679,25.54,26.53,25.08,248
02/18/2021,26.31,1005580,26.43,26.46,25.39,249
02/19/2021,26.92,1191481,26.27,27.04,25.99,250
02/22/2021,27.09,1332395,27,28,26.825,251
02/23/2021,26.69,1098437,26.85,27.15,25.425,252
02/24/2021,28.43,1489311,27.04,28.46,26.87,253
02/25/2021,27.48,1178926,28.6,28.69,27.3,254
02/26/2021,27.37,1489249,27.51,27.78,26.27,255
03/01/2021,27.62,1299971,28.11,28.43,27.33,256
03/02/2021,27.15,2375753,26.77,28.38,26.09,257
03/03/2021,27.65,1826794,27.63,28.67,26.815,258
03/04/2021,27.86,1832143,27.9,29.25,27.225,259
03/05/2021,29.7,1917364,28.24,29.96,28.07,260
03/08/2021,32.32,2950622,30,32.86,29.9,261
03/09/2021,32.23,1746135,32.46,33.695,32.11,262
03/10/2021,33.27,1309924,32.15,33.96,32.02,263
03/11/2021,33.1,1063349,33.41,33.66,32.61,264
03/12/2021,34.2,1228219,33.04,34.27,32.95,265
03/15/2021,36.19,1931937,34.2,36.34,34.11,266
03/16/2021,36.17,1558704,36,36.55,35.08,267
03/17/2021,36.88,1207904,36.01,37.089,35.609,268
03/18/2021,35.8,1502664,36.89,37.88,35.55,269
03/19/2021,35.9,2365024,35.75,35.99,34.61,270
03/22/2021,34.13,1440171,35.82,35.91,33.82,271
03/23/2021,31.78,1725495,33.89,34.37,31.51,272
03/24/2021,31.23,1424063,32.23,33.255,31.12,273
03/25/2021,32.86,1214347,30.47,33.05,30.24,274
03/26/2021,33.56,1026501,33.39,34.175,32.7,275
03/29/2021,33.14,1296951,33.09,33.96,32.88,276
03/30/2021,35.01,1364186,33.18,35.275,33.065,277
03/31/2021,34.31,1665918,34.77,35.37,34.3,278
04/01/2021,34.46,838622,34.66,35,33.84,279
04/05/2021,34.64,1474057,34.75,35.05,33.22,280
04/06/2021,35.17,968699,34.42,35.99,34.42,281
04/07/2021,37.71,2451416,37.14,37.9941,36.385,282
04/08/2021,37.31,1359356,37.79,37.79,36.3303,283
04/09/2021,38.7,2570583,37.55,40.08,37.18,284
04/12/2021,39.85,1579023,38.65,39.85,38.58,285
04/13/2021,38.71,1395467,39.71,39.79,37.88,286
04/14/2021,38.77,1228587,38.73,39.98,38.69,287
04/15/2021,39.83,2262978,39.95,41.08,39.2,288
04/16/2021,40.51,1178761,39.9,40.6,39.345,289
04/19/2021,39.73,1173292,40.17,40.4244,39.1838,290
04/20/2021,37.81,1347167,39.65,39.65,36.95,291
04/21/2021,38.72,793065,37.92,38.91,37.4,292
04/22/2021,38.97,809811,39.15,39.83,38.6,293
04/23/2021,39.48,845751,38.92,39.8,38.44,294
04/26/2021,37.85,1642341,39.5,39.83,37.15,295
04/27/2021,38.84,1059487,37.89,39.11,37.601,296
04/28/2021,38.82,749060,38.64,39.28,38.29,297
04/29/2021,37.7,1469607,39,39.23,37.26,298
04/30/2021,37.49,1060397,37.58,37.96,36.9504,299
05/03/2021,38.7,1703998,37.86,39.48,37.74,300
05/04/2021,38.34,1418381,38.5,38.555,37.35,301
05/05/2021,39.02,978553,38.54,39.36,38.18,302
05/06/2021,40.62,2814772,39.13,41.02,38.53,303
05/07/2021,40.75,831652,40.24,41.13,40,304
05/10/2021,40.78,2217422,41.01,42.3,40.64,305
05/11/2021,40.01,1414853,39.63,40.225,38.3,306
05/12/2021,38.05,1194420,39.98,40.19,37.73,307
05/13/2021,38.53,758525,38.19,39.39,37.61,308
05/14/2021,41.29,1951306,38.87,41.97,38.779,309
05/17/2021,42.81,1406614,41.18,42.91,41.04,310
05/18/2021,41.85,943119,43.5,43.6,41.55,311
05/19/2021,40.54,1191395,40.66,40.82,38.895,312
05/20/2021,37.41,3212670,40.75,40.91,36.66,313
05/21/2021,37.16,1599475,37.95,38.32,36.69,314
05/24/2021,37.64,1541472,37.28,38.15,36.82,315
05/25/2021,38.05,2857819,37.94,38.5,37.21,316
05/26/2021,41.02,6396162,40.75,43.899,40.45,317
05/27/2021,43.9,4048501,41.16,44.07,41.14,318
05/28/2021,42.7,2250326,44.22,44.49,42.2,319
06/01/2021,41.74,2373710,43.22,43.27,40.88,320
06/02/2021,41.47,1803555,41.64,42.09,40.5,321
06/03/2021,40.78,1339558,41.12,41.49,40,322
06/04/2021,39.52,2240708,40.89,40.89,38.34,323
06/07/2021,40.16,1538999,39.59,40.4591,39.561,324
06/08/2021,41.15,2114969,40.83,41.62,40.3,325
06/09/2021,41.5,1726870,42.41,42.5785,41.142,326
06/10/2021,40.84,1541267,41.4,41.9789,39.95,327
06/11/2021,43.1,1554891,41.21,43.25,41.11,328
06/14/2021,43.19,1584348,43,43.4,42.44,329
06/15/2021,43.05,1159969,43.21,43.5,42.38,330
06/16/2021,43.24,1121487,42.98,43.72,42.14,331
06/17/2021,41.91,2572116,43.27,44.18,41.42,332
06/18/2021,40.34,2170430,41.13,42,40.24,333
06/21/2021,41.5,1243400,41.12,42.28,41.12,334
06/22/2021,42.64,1342847,41.27,42.915,41.03,335
06/23/2021,43.65,1244793,42.72,44,42.37,336
06/24/2021,44.77,1416220,44.1,44.97,43.54,337
06/25/2021,46.24,3436265,45.22,47.29,45.026,338
06/28/2021,45.41,1521835,45.77,46.45,44.95,339
06/29/2021,45.79,1657298,46.19,47,45.37,340
06/30/2021,46.43,1093975,45.64,46.64,45.3,341
07/01/2021,46.29,875894,46.7,47.235,46.235,342
07/02/2021,45.82,730309,46.36,46.7358,45.6886,343
07/06/2021,45.01,1483989,45.65,45.65,43.9,344
07/07/2021,43.56,1839210,44.84,45.38,43.2701,345
07/08/2021,42.86,1610833,42.14,43.37,41.501,346
07/09/2021,44.65,1036576,43.72,45.07,43.58,347
07/12/2021,44.63,1654128,43.09,44.98,42.66,348
07/13/2021,43.55,1405202,44.67,45.32,43.13,349
07/14/2021,42.24,1350065,43.6,44.75,42.2,350
07/15/2021,40.68,2108205,41.9,41.94,39.6,351
07/16/2021,40.05,1832930,40.75,41.4,39.65,352
07/19/2021,38.39,2648290,38.5,39.635,37.82,353
07/20/2021,39.84,2163294,38.47,40.75,38.07,354
07/21/2021,40.54,1189713,40.38,41.75,40.05,355
07/22/2021,39.78,1073649,40.58,40.82,39.02,356
07/23/2021,39.04,763892,39.95,40.04,38.84,357
07/26/2021,39.62,1375947,38.88,39.95,38.55,358
07/27/2021,38.67,987572,39.08,39.36,37.745,359
07/28/2021,37.81,1343329,39.31,39.31,37.745,360
07/29/2021,38.36,1282799,38.3,38.9,37.81,361
07/30/2021,37.81,1846242,38.11,39.87,37.61,362
08/02/2021,37.53,1290868,37.95,38.665,37.465,363
08/03/2021,38.55,1629534,37.89,38.89,36.46,364
08/04/2021,34.41,2852790,38.01,38.0884,34.3601,365
08/05/2021,35.98,1943377,34.81,36.02,34.64,366
08/06/2021,36.43,1220742,36.485,37.29,36.07,367
08/09/2021,36.58,1289511,36.19,36.79,35.23,368
08/10/2021,39.27,2144670,36.76,39.719,36.76,369
08/11/2021,39.8,1520589,39.19,40.05,38.42,370
08/12/2021,38.77,1789691,40.09,40.86,38.46,371
08/13/2021,37.54,1036752,38.52,38.87,37.29,372
08/16/2021,36.92,1049896,37.04,37.5788,36.2,373
08/17/2021,35.59,1728575,36.21,36.42,34.77,374
08/18/2021,36.15,1129072,35.58,36.86,35.41,375
08/19/2021,37.46,2138946,35.3,38.28,35.3,376
08/20/2021,38.02,1461283,37.31,38.65,36.95,377
08/23/2021,38.88,1893574,38.9,39.66,38.4,378
08/24/2021,41.56,1902701,39.49,41.92,39.39,379
08/25/2021,39.8,3874053,41,41.2199,39.34,380
08/26/2021,35.68,10403060,36.4,36.92,33.71,381
08/27/2021,37.26,3619714,35.99,37.75,35.43,382
08/30/2021,36.52,2914530,37.15,37.98,36.2,383
08/31/2021,35.76,2338843,36.95,37.39,35.42,384
09/01/2021,35.79,1450126,36.04,36.43,35.65,385
09/02/2021,35.21,1598745,35.3,36.25,34.8901,386
09/03/2021,34.78,1747298,35.24,35.435,34.13,387
09/07/2021,34.43,1472399,34.65,35.25,34.23,388
09/08/2021,33.88,1816410,34.37,34.62,33.02,389
09/09/2021,35.03,2117361,34.23,35.58,33.89,390
09/10/2021,35.35,1941647,35.2,35.87,34.87,391
09/13/2021,35.64,1676619,35.59,36.01,35.26,392
09/14/2021,35.08,1263633,35.96,36.0582,34.8,393
09/15/2021,35.94,1328251,35,36.08,34.71,394
09/16/2021,36.93,1732187,36.15,37.61,36.15,395
09/17/2021,37.28,2452840,37.15,37.8883,36.79,396
09/20/2021,37.04,1571391,35.94,37.39,35.61,397
09/21/2021,37.7,1110307,37.44,37.91,36.93,398
09/22/2021,38.82,1566519,37.81,39.625,37.81,399
09/23/2021,39.81,1348727,39.21,40.72,39.03,400
09/24/2021,39.99,1300090,39.22,40.51,39.05,401
09/27/2021,40.37,1216554,40.01,41.255,39.85,402
09/28/2021,40.41,1298951,40.04,41.02,39.92,403
09/29/2021,40.77,1328091,40.72,41.61,40.06,404
09/30/2021,37.63,2870273,40.08,40.17,37.4453,405
10/01/2021,38.78,1691969,37.88,39.255,37.04,406
10/04/2021,39.72,1546746,38.74,40.46,38.7,407
10/05/2021,39.18,2450208,40.05,40.98,38.14,408
10/06/2021,37.75,1933493,38.65,39.6863,37.68,409
10/07/2021,39.36,1566429,38.22,39.49,38.2,410
10/08/2021,39.33,935478,39.42,40.29,39.05,411
10/11/2021,37.2,2097424,39.5,39.83,37.17,412
10/12/2021,38.75,1202701,37.45,38.82,36.92,413
10/13/2021,37.47,1850916,38.96,38.96,37.42,414
10/14/2021,38.65,1473881,37.86,38.67,37.33,415
10/15/2021,39.16,1587571,39.4,39.85,38.52,416
10/18/2021,39.3,1116609,38.95,39.5,38.18,417
10/19/2021,38.34,1223934,39.48,39.48,38.09,418
10/20/2021,37.82,1145037,38.02,39.03,37.57,419
10/21/2021,38.46,946961,38.11,38.64,37.96,420
10/22/2021,38.23,957441,38.44,38.5041,37.5,421
10/25/2021,39.73,1309800,38.67,39.77,38.52,422
10/26/2021,39.25,1141974,40.05,40.44,38.91,423
10/27/2021,38.22,769935,39.25,39.25,38.15,424
10/28/2021,39,675180,38.65,39.29,38.3292,425
10/29/2021,39.54,1410861,38.8,39.69,38.5,426
11/01/2021,41.44,1446767,40.06,41.67,39.94,427
11/02/2021,42.38,1530015,41.6,42.535,41.2,428
11/03/2021,46.27,2740215,42.41,46.34,42.25,429
11/04/2021,46.95,1597775,46.1,47.1,45.93,430
11/05/2021,46.23,1772670,47.9,48.97,45.75,431
11/08/2021,45.44,878862,46.1,46.29,45.24,432
11/09/2021,46.09,890845,45.3,46.46,44.92,433
11/10/2021,44.99,958979,45.71,46.795,44.9439,434
11/11/2021,45.3,662622,45.48,46.1,45.28,435
11/12/2021,45.68,682754,45.56,45.89,45.12,436
11/15/2021,46.16,1210822,46.63,46.99,45.65,437
11/16/2021,46.61,1064208,46.01,47,46,438
11/17/2021,45.33,1192832,46.94,47.169,45.16,439
11/18/2021,47.85,1651849,46.83,47.91,45.92,440
11/19/2021,45.19,1301216,47.34,47.58,44.97,441
11/22/2021,47.04,2479621,45.76,47.5499,45.567,442
11/23/2021,41.12,7653350,42.06,42.23,38.59,443
11/24/2021,39.25,3229397,39.92,39.98,38.31,444
11/26/2021,38.05,1874540,37.79,38.6,37.08,445
11/29/2021,37.92,1851853,39.03,39.38,36.955,446
11/30/2021,36,2498919,37.74,37.74,35.77,447
12/01/2021,34.65,3057074,37.18,38.19,34.5175,448
12/02/2021,35.31,1331916,35.42,36.18,34.68,449
12/03/2021,34.93,1688652,35.33,36.03,34.59,450
12/06/2021,36.1,2053214,35.52,36.73,35.4001,451
12/07/2021,37.62,2073660,37.22,38.22,37.12,452
12/08/2021,36.89,1887713,37.67,37.89,36.89,453
12/09/2021,35.93,1321837,36.43,37.245,35.82,454
12/10/2021,35.48,1387779,36.05,36.05,34.7,455
12/13/2021,33.48,1838340,35.1,35.335,32.74,456
12/14/2021,34.08,1523315,33.1,34.84,33.1,457
12/15/2021,34.37,1743528,34.18,34.53,32.52,458
12/16/2021,33.12,1929264,34.8,35.09,32.89,459
12/17/2021,33.55,3662737,32.94,33.76,32.02,460
12/20/2021,32.81,1715290,32.72,32.88,31.85,461
12/21/2021,33.97,1407923,33.47,34.52,33.28,462
12/22/2021,34.2,1043450,34.02,34.68,33.6301,463
12/23/2021,34.36,972368,34.3,34.73,33.86,464
12/27/2021,34.71,1204294,34.36,35.08,34.29,465
12/28/2021,34.33,1192362,34.47,35.36,34.26,466
12/29/2021,35.34,1119954,34.3,35.56,34.3,467
12/30/2021,35.46,1310347,34.89,35.92,34.86,468
12/31/2021,34.83,1163221,35.29,35.58,34.43,469
01/03/2022,34.98,2143533,35.2,36.32,34.68,470
01/04/2022,34.82,1846223,34.73,35.29,33.92,471
01/05/2022,33.19,1613247,34.99,35.16,32.895,472
01/06/2022,34.31,1823063,33.4,34.71,32.5,473
01/07/2022,33.19,2616124,32.5,33.765,32.4,474
01/10/2022,32.35,2495751,32.68,32.68,30.86,475
01/11/2022,34.9,3609290,32.53,35,32.53,476
01/12/2022,34.24,2457243,34.7,35.44,33.48,477
01/13/2022,33.92,1746912,34.42,34.93,33.75,478
01/14/2022,34.14,1813908,33.66,34.9,32.96,479
01/18/2022,34.17,2185789,33.5,34.515,32.9,480
01/19/2022,34.14,1512385,34.63,35.23,33.99,481
01/20/2022,32.27,2480335,34.55,34.94,32.0501,482
01/21/2022,32.36,2443258,32,33.06,31.13,483
01/24/2022,35.91,3216445,32,36.25,31.76,484
01/25/2022,36.95,2466372,35.29,37.44,35.22,485
01/26/2022,36.05,1869034,37.16,38.15,35.66,486
01/27/2022,36.36,2052400,36.6,37.47,35.85,487
01/28/2022,36.49,1841840,36.52,36.52,34.72,488
01/31/2022,39,2267284,36.37,39.03,36.01,489
02/01/2022,39.46,1847661,38.82,39.62,38.42,490
02/02/2022,38.88,1573212,39.82,40,38.44,491
02/03/2022,37.47,1703114,38.69,39.26,37.34,492
02/04/2022,38.03,1019407,37.35,38.4,36.67,493
02/07/2022,39.05,1408854,38.42,39.52,38.34,494
02/08/2022,40.52,1613648,38.79,40.75,38.79,495
02/09/2022,40.83,1064628,40.69,41.11,40.52,496
02/10/2022,40.97,1700070,40.25,42.09,40.07,497
02/11/2022,39.94,1023676,40.73,41,39.55,498
02/14/2022,39.66,975757,40.29,40.81,39.49,499
02/15/2022,40.99,1288479,40.16,41.12,40.06,500
02/16/2022,40.92,1325405,40.99,41.96,40.69,501
02/17/2022,39.34,1009747,40.32,40.9761,39.22,502
02/18/2022,39.19,1215100,38.99,39.75,38.72,503
02/22/2022,37.9,1563451,38.78,39.72,37.78,504
02/23/2022,36.98,1424602,38.18,38.18,36.39,505
02/24/2022,38.43,1861782,35.66,38.66,35.43,506
02/25/2022,38.82,1268933,38.29,38.95,37.55,507
02/28/2022,38.08,1985871,38.14,38.739,37.44,508
03/01/2022,35.85,2408385,38.09,38.42,35.58,509
03/02/2022,31.16,7727964,31.53,32.57,29.25,510
03/03/2022,31.6,2713394,30.83,31.885,29.86,511
03/04/2022,28.59,3238549,31.11,31.32,28.43,512
03/07/2022,26.5,3612402,28.75,28.8,26.47,513
03/08/2022,26.89,3725506,26.67,27.86,26.4901,514
03/09/2022,27.86,3166351,27.54,28.42,27.44,515
03/10/2022,28.93,1453664,27.23,29.04,27.2,516
03/11/2022,28.44,1581854,28.82,29.7,28.37,517
03/14/2022,29.41,1978235,28.75,30.04,28.59,518
03/15/2022,30,1632399,29.5,30.61,29.335,519
03/16/2022,31.32,1567993,30.26,31.83,30.26,520
03/17/2022,32.2,1346411,30.93,32.34,30.68,521
03/18/2022,32.27,2781948,32.18,32.74,32.03,522
03/21/2022,31.63,1325764,32.44,32.66,31.23,523
03/22/2022,32.07,1280797,32.01,32.8,31.31,524
03/23/2022,30.75,1407954,31.77,32.06,30.63,525
03/24/2022,31.16,1328436,30.87,31.55,30.8,526
03/25/2022,31.93,1584201,31.48,32.04,31.17,527
03/28/2022,33.26,2173298,31.82,33.32,31.73,528
03/29/2022,34.4,2167009,34.16,34.9,33.66,529
03/30/2022,32.98,1436162,33.86,34.11,32.9,530
03/31/2022,31.99,1874606,32.57,32.65,31.8,531
04/01/2022,31.42,1293065,31.8,32.07,31.17,532
04/04/2022,32.22,1776888,31.62,32.46,31.45,533
04/05/2022,31.94,1504926,32,32.58,31.755,534
04/06/2022,31.21,1830633,31.39,31.74,29.87,535
04/07/2022,31.62,2460602,31.2,31.7,30.25,536
04/08/2022,32.64,1923501,31.71,33.03,31.2312,537
04/11/2022,32.24,2078030,32.14,33.68,32.09,538
04/12/2022,32.71,1727535,32.89,33.64,32.41,539
04/13/2022,34.26,1775396,32.88,34.305,32.72,540
04/14/2022,34.49,1604735,34.07,35.1,34.07,541
04/18/2022,34.79,3160282,34.4,35.43,34.4,542
04/19/2022,37,2467839,34.88,37.27,34.71,543
04/20/2022,37.19,1760847,37.41,37.75,36.5,544
04/21/2022,36.51,1870164,37.96,38.49,36.21,545
04/22/2022,34.79,2543939,34.81,36.03,34.57,546
04/25/2022,36.24,1937050,34.56,36.35,34.25,547
04/26/2022,34.87,1568477,35.74,36.05,34.79,548
04/27/2022,34.95,1688307,35.05,35.76,34.15,549
04/28/2022,35.53,855567,35.48,35.98,34.66,550
04/29/2022,34.58,1058177,35.13,35.38,34.36,551
05/02/2022,36.1,1700479,34.57,36.23,34.29,552
05/03/2022,35.31,1094181,35.98,36.27,34.95,553
05/04/2022,36.35,893859,35.36,36.56,34.66,554
05/05/2022,35.19,1000422,36.04,36.06,34.57,555
05/06/2022,34.23,1640170,34.37,34.91,33.31,556
05/09/2022,34.06,1480063,33.63,34.96,33.49,557
05/10/2022,33,1202251,34.45,34.5,32.51,558
05/11/2022,31.22,1490201,33.15,33.44,31.16,559
05/12/2022,32.09,1887026,31.02,33.15,30.77,560
05/13/2022,32.52,1153638,32.85,34.08,32.385,561
05/16/2022,32.78,2098527,32.43,33.15,32.07,562
05/17/2022,33.36,1659844,33.07,33.75,31.67,563
05/18/2022,29.87,3123645,31.89,32.29,29.385,564
05/19/2022,29.06,2893920,29.33,29.68,28.27,565
05/20/2022,27.97,2571562,29.15,29.375,27.075,566
05/23/2022,26.73,4872690,26.5,27.74,26.1,567
05/24/2022,19.09,13826670,18.7,20.23,18.31,568
05/25/2022,22.23,6340668,18.95,22.7318,18.8601,569
05/26/2022,21.85,4425674,22.74,23.25,21.73,570
05/27/2022,22.55,3146395,21.6,22.72,21.2122,571
05/31/2022,20.44,3854458,22.22,22.32,20.11,572
06/01/2022,20.44,2353051,20.75,20.92,19.7501,573
06/02/2022,20.41,2349351,20.57,20.77,19.8,574
06/03/2022,20.36,1949607,20.54,20.6581,19.98,575
06/06/2022,20.53,2592065,20.34,20.82,19.79,576
06/07/2022,20.18,2440057,20.19,21.245,19.81,577
06/08/2022,19.83,1953300,20.06,20.37,19.61,578
06/09/2022,19.36,1380892,19.9,20.05,19.25,579
06/10/2022,19.07,1994882,18.99,19.3683,18.69,580
06/13/2022,19.25,2377625,18.79,19.38,18.14,581
06/14/2022,19.25,1943374,19.28,20.07,18.91,582
06/15/2022,19.77,2205135,19.62,19.88,19.04,583
06/16/2022,18.21,1990566,19.39,19.44,17.96,584
06/17/2022,18.96,4156432,18.3,19.09,17.98,585
06/21/2022,19.32,1973930,19.5,19.87,19.08,586
06/22/2022,18.8,1908512,19.07,19.6188,18.54,587
06/23/2022,18.61,1341758,18.89,19.13,18.405,588
06/24/2022,19.47,2282813,18.81,19.83,18.77,589
06/27/2022,18.87,1523980,19.64,19.71,18.87,590
06/28/2022,18.3,1505624,18.8,19.23,18.29,591
06/29/2022,17.74,1303677,18.21,18.49,17.42,592
06/30/2022,16.92,1408857,17.5,17.5,16.75,593
07/01/2022,17.18,1683542,16.62,17.23,16.53,594
07/05/2022,17.59,1574510,16.85,17.71,16.75,595
07/06/2022,16.9,1191197,17.49,17.9,16.785,596
07/07/2022,17.67,1321177,17.15,17.72,17.07,597
07/08/2022,17.21,1689039,17.72,17.94,17.1,598
07/11/2022,16.59,1411860,17.06,17.39,16.55,599
07/12/2022,16.92,1030338,16.43,17.32,16.43,600
07/13/2022,16.88,1391810,16.71,17.1,16.62,601
07/14/2022,16.51,885182,16.66,16.8,16.31,602
07/15/2022,16.71,899302,16.63,16.93,16.24,603
07/18/2022,16.86,1748557,16.88,17.55,16.82,604
07/19/2022,17.89,1311815,17.02,17.96,16.951,605
07/20/2022,18.51,1580639,17.8,18.52,17.49,606
07/21/2022,18.67,1038248,18.44,18.67,17.86,607
07/22/2022,18.57,1001461,18.65,19.17,18.24,608
07/25/2022,18.31,1223276,18.63,18.78,18.075,609
07/26/2022,17.05,1460833,17.51,17.66,17.025,610
07/27/2022,17.49,1033716,17.27,17.58,16.75,611
07/28/2022,17.9,1677131,17.71,18.11,17.155,612
07/29/2022,17.81,833397,18.06,18.06,17.345,613
08/01/2022,17.35,1368714,17.54,18.2,17.34,614
08/02/2022,17.52,1359122,17.32,17.64,16.94,615
08/03/2022,18.02,1546872,17.86,18.15,17.36,616
08/04/2022,18.06,1264614,18.08,18.42,17.75,617
08/05/2022,18.02,1068092,17.95,18.54,17.77,618
08/08/2022,19.28,2658134,18.28,20.15,18.265,619
08/09/2022,17.97,1591727,19.03,19.15,17.865,620
08/10/2022,18.82,1541965,18.56,19.085,18.245,621
08/11/2022,19.32,1725065,19.13,19.8,18.885,622
08/12/2022,19.7,943950,19.49,19.7,19.1,623
08/15/2022,19.79,1506655,19.44,19.79,19.19,624
08/16/2022,21.58,3839210,19.9,22.68,19.9,625
08/17/2022,20.86,1919002,21.05,21.52,20.56,626
08/18/2022,21.23,1466023,20.62,21.23,20.21,627
08/19/2022,20.57,1380802,21.11,21.42,20.44,628
08/22/2022,19.8,2210886,20.26,20.26,19.325,629
08/23/2022,19.75,1600528,20.14,20.415,19.58,630
08/24/2022,18.65,3250523,19.49,19.7,18.62,631
08/25/2022,17.44,10971800,16.08,19.24,15.87,632
08/26/2022,15.87,4821212,17.43,17.56,15.65,633
08/29/2022,15.27,3425559,15.87,16.02,15.15,634
08/30/2022,15,2800838,15.29,15.45,14.84,635
08/31/2022,14.39,2623954,14.92,14.997,14.23,636
09/01/2022,15.44,3433529,14.25,15.485,14.02,637
09/02/2022,15.43,1964083,15.67,15.79,15.07,638
09/06/2022,15.52,1803599,15.62,15.92,14.95,639
09/07/2022,16.14,2213447,15.53,16.46,15.53,640
09/08/2022,16.12,1851484,15.66,16.175,15.21,641
09/09/2022,16.2,1580522,16.11,16.51,16.08,642
09/12/2022,16.6,2168209,16.4,16.97,16.311,643
09/13/2022,15.52,1620927,15.87,16.25,15.445,644
09/14/2022,15.34,1425773,15.6,15.66,15.09,645
09/15/2022,15.05,1796061,15.13,15.87,14.95,646
09/16/2022,15.48,2753587,14.7,15.615,14.62,647
09/19/2022,16.05,1924829,15.35,16.31,15.35,648
09/20/2022,15.93,2082642,15.87,16.19,15.63,649
09/21/2022,15.59,1450497,16.09,16.46,15.59,650
09/22/2022,15.61,2254042,15.66,16.09,15.55,651
09/23/2022,15.88,3563362,15.27,15.94,15.23,652
09/26/2022,15.53,2511181,16.04,16.38,15.5,653
09/27/2022,16.03,2285395,15.77,16.81,15.52,654
09/28/2022,16.57,1873640,16,16.7,16,655
09/29/2022,15.43,1372570,16.24,16.345,15.32,656
09/30/2022,15.55,1880600,14.92,15.9182,14.43,657
10/03/2022,15.67,2495198,15.94,16.2,15.37,658
10/04/2022,16.15,1700300,16.1,16.47,15.71,659
10/05/2022,16.05,2290397,15.85,16.16,15.115,660
10/06/2022,16.38,1802333,15.99,16.72,15.8,661
10/07/2022,15.17,2227020,16.03,16.33,14.785,662
10/10/2022,15.44,1521493,15.27,15.69,15.01,663
10/11/2022,15.44,1899023,15.47,15.98,14.63,664
10/12/2022,15.5,1854680,15.43,15.88,15.17,665
10/13/2022,16.02,1586643,14.85,16.4,14.62,666
10/14/2022,16.43,1704558,16.5,16.85,15.92,667
10/17/2022,17.06,1224617,16.87,17.23,16.75,668
10/18/2022,17.06,999228,17.49,17.75,16.86,669
10/19/2022,16.65,1004009,17.05,17.2699,16.325,670
10/20/2022,16.52,939711,16.72,17.34,16.52,671
10/21/2022,16.94,806355,16.62,17.1,16.48,672
10/24/2022,17.33,1183268,17.04,17.465,16.8,673
10/25/2022,18.19,1423497,17.2,18.43,17.2,674
10/26/2022,18.15,1114022,18.08,18.675,17.87,675
10/27/2022,18.08,982771,18.33,18.75,18.06,676
10/28/2022,18.71,1330196,18.38,18.765,17.81,677
10/31/2022,17.58,1783949,18.49,18.69,17.54,678
11/01/2022,17.74,1487753,17.92,18.4,17.47,679
11/02/2022,16.54,1230120,17.59,17.66,16.499,680
11/03/2022,17.25,1209668,16.31,17.44,15.95,681
11/04/2022,17.15,816393,17.61,17.64,16.77,682
11/07/2022,17.31,965759,17.22,17.54,16.87,683
11/08/2022,17.61,1112617,17.54,17.695,16.94,684
11/09/2022,16.89,1048055,17.63,17.63,16.81,685
11/10/2022,19.05,1699505,17.76,19.09,17.76,686
11/11/2022,18.97,1276421,19.2,19.335,18.64,687
11/14/2022,18.83,1334513,18.73,19.09,18.16,688
11/15/2022,19.3,1717587,19.49,19.9,18.965,689
11/16/2022,17.88,1947774,18.4,18.65,17.32,690
11/17/2022,18.59,1540852,17.74,18.66,17.4901,691
11/18/2022,18.78,1780129,19.04,19.355,18.51,692
11/21/2022,18.63,2279245,18.68,19,18.305,693
11/22/2022,22.62,9299658,22.14,22.76,21.12,694
11/23/2022,23.98,3932039,22.75,24.1,22.02,695
11/25/2022,23.77,1527966,24.21,24.51,23.7,696
11/28/2022,24.08,2530160,23.56,24.38,23.55,697
11/29/2022,23.78,1538224,23.86,24.145,23.6,698
11/30/2022,23.98,1886183,23.86,24.17,23.59,699
12/01/2022,23.88,1616481,23.89,24.33,23.65,700
12/02/2022,24.31,1556194,23.51,24.57,23.3,701
12/05/2022,22.87,2107752,23.96,24.03,22.83,702
12/06/2022,22.9,1703397,22.85,23.39,22.49,703
12/07/2022,23.71,1542025,22.9,23.9,22.55,704
12/08/2022,24.17,899421,23.65,24.26,23.515,705
12/09/2022,23.59,1207190,23.78,24.06,23.5,706
12/12/2022,23.15,1288179,23.76,23.76,23.01,707
12/13/2022,23.11,1021652,24.11,24.25,22.99,708
12/14/2022,23.21,802377,22.99,23.46,22.75,709
12/15/2022,21.78,1503201,22.79,22.79,21.72,710
12/16/2022,21.78,3705981,21.61,22.09,21.465,711
12/19/2022,21.71,1177208,21.82,22.04,21.44,712
12/20/2022,21.61,1047680,21.73,21.91,21.27,713
12/21/2022,21.92,734182,22.29,22.6,21.74,714
12/22/2022,21.44,1147857,21.52,21.58,21.03,715
12/23/2022,22.26,1897954,21.41,22.61,21.2,716
12/27/2022,22.06,1418929,22.17,22.3126,21.795,717
12/28/2022,22.36,1267995,22.03,22.43,22.02,718
12/29/2022,22.88,1096768,22.53,23.24,22.46,719
12/30/2022,22.91,987429,22.62,22.96,22.17,720
01/03/2023,23.6,2173227,23.24,24.11,23.03,721
01/04/2023,25.21,1932442,23.89,25.34,23.89,722
01/05/2023,24.74,2218916,24.71,25.16,23.965,723
01/06/2023,25.2,1988566,24.66,26.0055,24.66,724
01/09/2023,27.4,4281193,26.445,28.36,25.9524,725
01/10/2023,27.8,2729037,27.59,27.89,26.93,726
01/11/2023,27.23,1768909,28.17,28.32,27.11,727
01/12/2023,26.91,2300814,27.55,27.66,26.495,728
01/13/2023,27.98,1706303,26.52,28.0717,26.3809,729
01/17/2023,27.11,1794735,27.95,27.95,27.02,730
01/18/2023,27.13,1355468,27.1,27.66,26.92,731
01/19/2023,27.06,1167539,26.9,27.21,26.63,732
01/20/2023,27.79,1173848,27.08,28.155,26.8,733
01/23/2023,28.86,2087265,28.19,29.255,28.04,734
01/24/2023,28.09,1024383,28.86,29.04,28.08,735
01/25/2023,27.99,881103,27.81,28.24,27.56,736
01/26/2023,27.84,1166718,28.33,28.96,27.565,737
01/27/2023,27.31,952981,27.75,28.01,27.275,738
01/30/2023,27.59,1044325,27,27.7,26.865,739
01/31/2023,28.96,1976032,27.69,28.99,27.64,740
02/01/2023,29.23,1535455,28.77,29.5,28.18,741
02/02/2023,29.87,1762634,29.73,29.96,29.13,742
02/03/2023,30.07,1504702,29.43,31.14,29.43,743
02/06/2023,30.51,1196180,29.81,30.54,29.56,744
02/07/2023,31.25,1343344,30.1,31.33,29.82,745
02/08/2023,30.1,1819589,30.5,30.72,29.67,746
02/09/2023,30.41,1318376,30.67,31.2,30.305,747
02/10/2023,30.49,1247848,30.01,30.925,30.01,748
02/13/2023,31.05,1352353,30.48,31.31,30.24,749
02/14/2023,31.01,1311543,30.86,31.69,30.55,750
02/15/2023,30.8,1027201,30.92,31.44,30.77,751
02/16/2023,30.09,1484738,30.36,30.725,29.99,752
02/17/2023,31.19,2114405,30.34,31.25,30.1,753
02/21/2023,28.9,1782775,30.67,30.67,28.74,754
02/22/2023,29.31,1381403,28.95,29.87,28.68,755
02/23/2023,28.96,1421062,29.31,29.575,28.29,756
02/24/2023,28.99,1479165,28.44,29.11,27.92,757
02/27/2023,28.73,1590550,29.38,29.52,28.64,758
02/28/2023,29.41,3424317,28.97,30.12,28.83,759
03/01/2023,29.23,3206928,29.1,30,27.41,760
03/02/2023,28.34,2234181,29.1,29.72,27.955,761
03/03/2023,28.52,1980482,28.4,28.875,27.99,762
03/06/2023,27.73,1712018,28.52,28.86,27.605,763
03/07/2023,28.36,1344475,27.86,28.71,27.79,764
03/08/2023,27.68,1261764,28.19,28.395,27.6,765
03/09/2023,27.03,1358642,27.59,27.77,26.87,766
03/10/2023,26.97,1534974,26.53,27,26.18,767
03/13/2023,25.62,2628792,26.21,26.465,25,768
03/14/2023,26.79,1746970,26.53,27.03,26.11,769
03/15/2023,26.6,1499679,25.86,26.73,25.76,770
03/16/2023,26.61,1369713,26.33,27.02,25.91,771
03/17/2023,25.96,2008400,26.24,26.57,25.905,772
03/20/2023,26.06,2237450,26.31,27.06,25.74,773
03/21/2023,25.83,1479225,26.71,27.21,25.72,774
03/22/2023,25.31,1200001,25.96,26.39,25.31,775
03/23/2023,24.62,1603835,25.56,25.755,24.08,776
03/24/2023,24.62,1416286,24.44,24.86,24.13,777
03/27/2023,25.2,1297206,24.99,25.29,24.31,778
03/28/2023,25.73,1825327,25.33,25.96,25.12,779
03/29/2023,26.16,1751486,25.78,26.19,24.99,780
03/30/2023,26.75,1694059,26.5,27.43,26.49,781
03/31/2023,27.75,994328,27,27.8,26.88,782
04/03/2023,27.9,1607549,27.8,28.385,27.57,783
04/04/2023,27.55,1070654,27.97,28.2,27.415,784
04/05/2023,26.6,1426873,27.26,27.41,26.14,785
04/06/2023,26.34,1067698,26.19,26.365,25.53,786
04/10/2023,27.28,1110337,26.2,27.5,26.02,787
04/11/2023,27.43,823207,27.35,27.61,27.07,788
04/12/2023,25.6,1539164,26.85,27.295,25.57,789
04/13/2023,25.49,1625484,25.71,25.71,24.96,790
04/14/2023,25.56,1459221,25.68,26.51,25.375,791
04/17/2023,24.89,1501572,25.75,25.75,24.775,792
04/18/2023,25.15,1523640,24.96,25.34,24.48,793
04/19/2023,24.67,1307335,24.98,24.99,24.52,794
04/20/2023,24.35,1881654,24.55,25.1373,23.992,795
04/21/2023,24.24,1192072,24.23,24.45,23.96,796
04/24/2023,24.2,1381790,24.21,24.33,23.73,797
04/25/2023,22.96,1211042,23.8,23.9622,22.82,798
04/26/2023,23,1174410,22.94,23.23,22.82,799
04/27/2023,23.39,769013,23.16,23.43,22.78,800
04/28/2023,23.54,822773,23.26,23.65,23.14,801
05/01/2023,23.3,819070,23.58,23.9086,23.135,802
05/02/2023,23.06,1526625,23.17,23.17,22.26,803
05/03/2023,22.77,809571,23.07,23.4,22.73,804
05/04/2023,21.83,1535741,22.59,22.81,21.735,805
05/05/2023,22.72,883577,22.24,22.745,22.24,806
05/08/2023,23.29,1148537,22.94,23.405,22.56,807
05/09/2023,23.44,1019117,23.02,23.6,22.815,808
05/10/2023,22.95,1217547,23.9,24.07,22.86,809
05/11/2023,23.34,936235,22.91,23.44,22.9,810
05/12/2023,23.96,835571,23.4,23.98,23.32,811
05/15/2023,24.45,1272664,23.97,24.48,23.76,812
05/16/2023,23.07,1480737,24.25,24.26,23.045,813
05/17/2023,24.23,1820956,23.17,24.45,22.9,814
05/18/2023,24.13,1314371,23.92,24.37,23.72,815
05/19/2023,22.86,2698397,23.79,23.885,22.35,816
05/22/2023,22.76,2428727,23.01,23.01,22.21,817
05/23/2023,23.01,2486645,22.69,23.43,22.65,818
05/24/2023,30.16,13645170,27.35,30.288,26.61,819
05/25/2023,28.56,5173049,30.2,30.88,28.43,820
05/26/2023,29.95,2361517,29.11,30.64,28.965,821
05/30/2023,31.4,2571122,30,31.425,29.7001,822
05/31/2023,31.03,1850419,31.25,31.46,30.69,823
06/01/2023,30.31,2453773,30.73,30.79,29.88,824
06/02/2023,31.8,2289203,30.83,31.99,30.4,825
06/05/2023,31.6,1289904,31.65,31.83,31.062,826
06/06/2023,32.73,1839028,31.59,33.32,31.515,827
06/07/2023,33.75,1963629,33.07,34.3,33.07,828
06/08/2023,34.95,2120552,33.61,35.02,33.11,829
06/09/2023,34.24,1688616,35.25,35.375,34.09,830
06/12/2023,34.39,1541347,34.7,34.7,33.625,831
06/13/2023,34.99,1586240,34.76,35.27,34.11,832
06/14/2023,35.59,1351924,35.02,35.7,34.69,833
06/15/2023,36.24,1179930,35.1,36.26,35.1,834
06/16/2023,36.08,1507043,36.48,36.6,35.55,835
06/20/2023,36.24,1355782,36.16,36.5,35.9077,836
06/21/2023,36.9,1861084,36.28,37.955,36.205,837
06/22/2023,37.21,1150406,37.2,37.45,36.68,838
06/23/2023,36.93,2624996,37.05,37.51,36.58,839
06/26/2023,37.18,1516832,37.01,37.76,36.8675,840
06/27/2023,37.47,1401418,37.06,37.74,37.06,841
06/28/2023,36.7,1144915,37.27,37.47,36.33,842
06/29/2023,37.85,1643487,37.356,38.2,37.19,843
06/30/2023,37.68,1469359,38.1,38.205,37.15,844
07/03/2023,37.29,733761,37.61,38.15,37.2002,845
07/05/2023,36.12,1558938,37.39,37.39,36.09,846
07/06/2023,35.52,1525157,35.72,36,35.07,847
07/07/2023,35.54,1068967,35.4,35.76,35.25,848
07/10/2023,35.32,1852740,35.47,35.955,35.02,849
07/11/2023,35.8,1454776,35.54,36.03,35.22,850
07/12/2023,35.3,1335394,36.26,36.44,35.29,851
07/13/2023,33.98,2439069,35.2,35.215,33.76,852
07/14/2023,34.91,2539757,33.79,34.99,33.38,853
07/17/2023,37.42,2821880,35.66,37.57,35.35,854
07/18/2023,37.16,2213798,37.23,37.99,37.07,855
07/19/2023,37.03,2314945,37.28,37.5,36.88,856
07/20/2023,36.33,1696261,37.12,37.35,36.28,857
07/21/2023,36.06,1400613,36.57,36.71,35.69,858
07/24/2023,37.21,1734999,35.99,37.24,35.87,859
07/25/2023,37.7,1412739,37.17,37.99,36.782,860
07/26/2023,38.71,1600182,37.91,38.78,37.75,861
07/27/2023,38.96,1799644,38.97,39.7,38.66,862
07/28/2023,39.98,1864065,39.14,40.5,39.02,863
07/31/2023,39.61,1710995,40.39,40.47,39.41,864
08/01/2023,39.5,1528798,39.64,39.805,39.25,865
08/02/2023,38.92,2091431,38.89,39.265,38.53,866
08/03/2023,39,1541602,39.59,39.68,38.5401,867
08/04/2023,39.23,1242930,39,39.34,38.68,868
08/07/2023,39.45,1002519,39.49,39.66,39.11,869
08/08/2023,39.66,1361549,39.25,39.76,38.62,870
08/09/2023,39.93,1050914,39.64,40.24,39.24,871
08/10/2023,40.29,1291529,40.03,40.85,39.61,872
08/11/2023,39.44,1150141,39.93,40.12,39.36,873
08/14/2023,41.36,1764145,39.57,41.55,39.3,874
08/15/2023,41.43,1220413,41.28,41.725,41.05,875
08/16/2023,41.96,1784887,42.15,42.7,41.44,876
08/17/2023,41.11,1281350,42,42.5,41.1,877
08/18/2023,43.2,2235077,40.85,43.335,40.802,878
08/21/2023,41.76,2400344,42.88,43.475,41.75,879
08/22/2023,41.17,3415058,40.52,41.66,40.5,880
08/23/2023,50.86,12120550,49.72,51.9,47.13,881
08/24/2023,50.46,3875358,51.2,53.0208,50.38,882
08/25/2023,50.16,2841825,51.38,51.48,49.76,883
08/28/2023,49.51,2654591,49.8,50.86,49.11,884
08/29/2023,51.32,1469863,49.74,51.32,49.715,885
08/30/2023,52.29,2249711,51.36,53.98,51.25,886
08/31/2023,53.75,1508118,52.24,53.79,52.12,887
09/01/2023,54.5,1419962,53.95,54.69,53.32,888
09/05/2023,54.85,1618108,54.14,55.275,53.71,889
09/06/2023,54.98,1389699,55.07,55.435,54.01,890
09/07/2023,54.61,1061024,55.52,55.52,54.0775,891
09/08/2023,53.32,1215852,54.37,54.795,53.24,892
09/11/2023,53.4,1740916,53.89,54.6751,53.37,893
09/12/2023,52.26,1719315,53.09,53.51,52.1,894
09/13/2023,50.64,1592845,52.08,52.3,50.58,895
09/14/2023,51.26,1342577,50.99,51.98,50.99,896
09/15/2023,52.4,2848954,50.84,52.4,50.66,897
09/18/2023,50.89,1631735,52.15,52.52,50.8,898
09/19/2023,50.58,1503725,50.95,51.28,50.14,899
09/20/2023,50.25,1192321,50.78,51.71,50.23,900
09/21/2023,49.32,1162846,50.05,50.195,49.24,901
09/22/2023,50.63,1418686,49.62,51.35,49.55,902
09/25/2023,51.76,1596947,50.25,52.83,50.03,903
09/26/2023,52.84,1629667,51.2,53.07,51.05,904
09/27/2023,54.56,1667547,53.27,54.7,53.15,905
09/28/2023,56.05,1460826,55.55,56.14,54.6801,906
09/29/2023,56.37,1495697,56.79,56.79,55.61,907
10/02/2023,58.31,2068136,56.95,58.4,56.94,908
10/03/2023,55.49,2408606,58,58.21,55.06,909
10/04/2023,55.13,2104466,55.69,55.89,53.65,910
10/05/2023,54.54,1507502,54.84,54.935,53.16,911
10/06/2023,55.01,1494533,54.1,55.45,53.21,912
10/09/2023,56.88,1588963,55.01,57.49,54.47,913
10/10/2023,59.77,1775466,56.91,59.88,56.91,914
10/11/2023,61.5,1680663,59.8,61.59,59.54,915
10/12/2023,61.74,1801102,61.83,63.04,60.58,916
10/13/2023,60.39,1440291,61.44,61.55,60.0106,917
10/16/2023,62.72,1575067,61.25,63.225,60.82,918
10/17/2023,62.98,1407564,62.3,64.85,62.06,919
10/18/2023,63.24,1124884,62.8,63.8,62.2,920
10/19/2023,60.66,1538349,63.36,63.375,60.5,921
10/20/2023,60.9,1227157,60.34,61.385,59.7386,922
10/23/2023,59.97,993303,60.69,60.84,59.26,923
10/24/2023,62.35,1748489,60.89,62.445,60.32,924
10/25/2023,61.58,1291147,62.18,63.46,61.47,925
10/26/2023,59.85,1213238,61.35,61.57,59,926
10/27/2023,58.72,1948323,59.8,61.665,58.36,927
10/30/2023,59.61,1488227,58.93,60.58,57.78,928
10/31/2023,60.82,1042729,59.44,61,58.545,929
11/01/2023,62.13,1274331,60.75,62.14,60.21,930
11/02/2023,63.31,1154524,62.46,63.4599,62.23,931
11/03/2023,65.5,1529813,63.81,66.165,63.725,932
11/06/2023,66.27,1339614,65.16,66.615,64.87,933
11/07/2023,67.81,1638855,66.49,67.97,65.67,934
11/08/2023,67.92,1297168,67.81,68.42,66.55,935
11/09/2023,66.75,1324225,68.46,68.46,65.89,936
11/10/2023,66.97,960989,67.01,67.27,65.34,937
11/13/2023,66.39,995513,66.89,67.1,66.045,938
11/14/2023,68.68,1636022,68.2,69.86,67.985,939
11/15/2023,69.8,1716699,69.95,71.85,69.77,940
11/16/2023,68.98,1790103,69,70.32,67.84,941
11/17/2023,73.57,2649124,70.58,74.47,70.18,942
11/20/2023,72.29,3039730,73.27,74.75,72.14,943
11/21/2023,74.03,5863705,70.22,74.77,65.6001,944
11/22/2023,72.81,2030704,73.43,75.32,71.14,945
11/24/2023,73.31,715610,73.45,74,72.13,946
11/27/2023,76.4,2027830,73.6,76.41,72.98,947
11/28/2023,77.73,1394337,76.12,77.87,74.68,948
11/29/2023,76.13,1295057,78,78.41,75.825,949
11/30/2023,75.89,1449223,76.01,76.77,75.2,950
12/01/2023,77.88,1324481,75.81,78.29,75.175,951
12/04/2023,77.22,1174437,77.75,78.83,76.015,952
12/05/2023,77.73,1232666,77.17,77.79,75.69,953
12/06/2023,77.13,1201605,78.51,79.1799,77.04,954
12/07/2023,77.94,1025473,76.96,78.1599,76.82,955
12/08/2023,78.65,784086,77.6,78.76,77.31,956
12/11/2023,81.63,1404226,79.46,82.14,79.2,957
12/12/2023,83.52,1329443,81.6,84.59,81.28,958
12/13/2023,83.75,1728326,83.56,84.45,82.8,959
12/14/2023,83.82,1199009,84.73,86.0894,82.77,960
12/15/2023,84.17,2907860,83.87,85.1499,82.6,961
12/18/2023,86.67,1324602,84.19,86.8,83.5,962
12/19/2023,90.96,1501974,87.21,91.315,86.9101,963
12/20/2023,89.89,1575023,90.85,92.2448,89.634,964
12/21/2023,93.19,1410990,92.15,93.7299,91.99,965
12/22/2023,92.58,1216608,91.5,93.87,90.2,966
12/26/2023,91.56,1292802,93.73,94.08,90.77,967
12/27/2023,91.39,770084,91.8,92.2386,90.79,968
12/28/2023,90.01,1488398,90.5,91.24,88.04,969
12/29/2023,88.22,1396298,90.13,90.5,87.33,970
01/02/2024,90.96,1548181,87.47,91.19,86.91,971
01/03/2024,88.76,1409718,89.74,90.97,88.625,972
01/04/2024,92.5,1742635,89.91,94.27,89.72,973
01/05/2024,90.54,1791887,93.09,94.25,90.52,974
01/08/2024,96.22,3159258,92.69,99.0799,92.245,975
01/09/2024,94.01,1436189,96.5,98,93.91,976
01/10/2024,96.71,1368554,94.19,97.37,94.19,977
01/11/2024,98.43,1787769,97,98.73,95.4701,978
01/12/2024,96.79,1577847,98.21,99.49,96.04,979
01/16/2024,98.89,1334828,96.4,99.25,95.93,980
01/17/2024,99.47,976221,98.26,99.51,97.4,981
01/18/2024,97.03,1554117,100.29,100.81,95.51,982
01/19/2024,101.11,1467127,98.13,101.27,96.97,983
01/22/2024,104.67,1311820,102,104.67,101.9,984
01/23/2024,102.61,1103212,105.19,105.81,101.5,985
01/24/2024,102.19,1352449,103.19,104.97,101.65,986
01/25/2024,102.46,654534,104.01,104.01,100.84,987
01/26/2024,103.8,791797,102.36,103.88,101.3901,988
01/29/2024,105.06,884148,104.22,105.28,103.22,989
01/30/2024,105.69,907544,105.15,106,104.44,990
01/31/2024,101.9,1416279,105.35,105.5169,101.135,991
02/01/2024,106.58,1083349,103.17,107,102.7666,992
02/02/2024,109.47,1224798,106.27,110.17,105.41,993
02/05/2024,106.45,1552198,108.75,109.87,104.86,994
02/06/2024,104.08,1104041,105.94,106.47,103.45,995
02/07/2024,103.96,1146563,103.57,104.66,101.59,996
02/08/2024,107.32,1358785,104.44,108.2781,104.34,997
02/09/2024,110.11,1380170,107.47,110.77,107.47,998
02/12/2024,114.94,1969649,111.56,115.54,110.81,999
02/13/2024,116.85,2106401,108.8,117.415,108.8,1000
02/14/2024,119.25,1679646,118.66,120.52,116.81,1001
02/15/2024,119.8,1373767,118.81,120.89,118.2878,1002
02/16/2024,120.9,1206365,119.91,122.2499,118.5855,1003
02/20/2024,116.39,2122753,120.52,120.9,115.16,1004
02/21/2024,117.25,1026813,115.12,117.84,113.75,1005
02/22/2024,121.22,1206798,119.25,122.88,117.86,1006
02/23/2024,122.82,971026,121.04,123.14,119.8,1007
02/26/2024,126.21,1674962,124.14,127.69,123.73,1008
02/27/2024,125.78,1400867,126.5,128.688,125.78,1009
02/28/2024,126,1134992,124.5,127.12,123.61,1010
02/29/2024,127.76,1308708,127.45,128.675,125.81,1011
03/01/2024,131.37,1611780,128.24,131.73,127.76,1012
03/04/2024,137.3,2894687,132.2,139.4796,132.2,1013
03/05/2024,139.95,3409456,135.72,140.28,134.87,1014
03/06/2024,134.99,6042380,139.55,139.8899,130.691,1015
03/07/2024,127.78,3486266,137.78,138.3,125.5,1016
03/08/2024,118.64,3986879,127.95,129,118.29,1017
03/11/2024,116.54,2273946,117.6,119.33,114.49,1018
03/12/2024,120.56,1736796,117.15,120.74,116.5222,1019
03/13/2024,125.97,1755556,121.37,126.07,120.56,1020
03/14/2024,125.36,1514692,127.15,129.6399,123.615,1021
03/15/2024,125.89,4426296,125,127.2,122.5,1022
03/18/2024,130.82,1772370,127.63,132.47,125.8,1023
03/19/2024,131.08,1110843,129,131.36,128.38,1024
03/20/2024,135.04,1090625,129.98,135.7,128.7,1025
03/21/2024,137.42,1498442,136.68,139.11,135.22,1026
03/22/2024,134.97,1020285,135.606,137.44,134.78,1027
03/25/2024,121.17,2849135,134,134.59,120.87,1028
03/26/2024,121.97,1666294,121.17,125.2399,119.7,1029
03/27/2024,121.36,1026976,121.76,123.73,120.68,1030
03/28/2024,125.33,1352162,120.53,125.99,119.4699,1031
04/01/2024,131.84,1971793,125.27,131.91,125.27,1032
04/02/2024,131.4,1781642,128,131.47,123.78,1033
04/03/2024,130.73,1281991,131.4,134.115,128.405,1034
04/04/2024,122.96,1271798,132.48,132.65,122.86,1035
04/05/2024,120.79,1309504,123.42,124.18,120.13,1036
04/08/2024,119.42,1468935,122,123.32,117.58,1037
04/09/2024,116.12,1780082,120.54,120.54,115.2,1038
04/10/2024,114.33,1666698,114.94,118.15,113.62,1039
04/11/2024,116.47,1103435,114.7,117.25,113.86,1040
04/12/2024,111.83,1027469,114.98,115.8,111.33,1041
04/15/2024,112.84,1336044,113.1,115,110.92,1042
04/16/2024,115.89,1475231,111.9,116.73,109.561,1043
04/17/2024,113.48,1171225,117.76,118.1458,111.4,1044
04/18/2024,109.32,1630367,113.96,113.9725,108.84,1045
04/19/2024,110.36,1088911,108.92,112.28,108.53,1046
04/22/2024,114.84,1216826,113,115.81,111.22,1047
04/23/2024,119.71,1035173,116.19,119.91,115.07,1048
04/24/2024,115.09,985819,120,120.52,115,1049
04/25/2024,115.45,943097,113,115.91,111.412,1050
04/26/2024,122.08,1109869,116.35,122.21,115.34,1051
04/29/2024,125.39,1388919,123,126.43,121.64,1052
04/30/2024,121.52,1172884,125.49,126.01,121.39,1053
05/01/2024,120.41,1074204,120.62,124.345,118.03,1054
05/02/2024,124.9,943198,122.8,126.6,122,1055
05/03/2024,128.76,1177043,126.62,129.175,126.29,1056
05/06/2024,129.38,1090516,129.96,131.54,127.77,1057
05/07/2024,128.42,803722,130.78,131.795,128.41,1058
05/08/2024,128.6,794590,127.4,131.25,127.11,1059
05/09/2024,132.33,939862,128.21,132.59,128.03,1060
05/10/2024,129.71,1094800,133.55,134.49,128.5,1061
05/13/2024,132.42,975674,131.19,132.97,128.63,1062
05/14/2024,136.31,1260744,133.85,136.46,133.01,1063
05/15/2024,137.68,1327489,136.45,138,134.35,1064
05/16/2024,135.69,716227,136.94,138.14,135.37,1065
05/17/2024,139.61,1434415,137.75,139.97,135.39,1066
05/20/2024,144.84,1546814,140,146.31,140,1067
05/21/2024,144.44,1118274,144.8,146.93,144.12,1068
05/22/2024,141.88,1291881,145.14,145.8061,141.4,1069
05/23/2024,145.88,1409293,143.39,148.24,142.41,1070
05/24/2024,150.17,1512796,147.27,151.4627,146.6416,1071
05/28/2024,152.39,2687146,151.5,154.87,150.77,1072
05/29/2024,189.45,10339100,155.56,196.99,155.56,1073
05/30/2024,178.47,4040514,188.08,189.45,176.57,1074
05/31/2024,172.87,3379667,176.48,177.125,169.29,1075
06/03/2024,175.66,2037572,174.91,179.5299,172.55,1076
06/04/2024,169.65,1286434,173.75,173.755,167,1077
06/05/2024,172.7,1133628,168.69,173.68,167.85,1078
06/06/2024,175.73,1531481,171.65,178.85,171.12,1079
06/07/2024,175.19,1073277,175.66,177.3,173.0001,1080
06/10/2024,185.13,2370751,174.56,185.55,173.665,1081
06/11/2024,185.79,1458431,186.52,187.71,180.42,1082
06/12/2024,192.34,1356199,188.42,193.11,184.46,1083
06/13/2024,190.82,1175515,192.34,194.38,186.31,1084
06/14/2024,186.06,1072831,189.1,189.82,183.66,1085
06/17/2024,185.89,1149552,186.03,189,180.0714,1086
06/18/2024,185.28,1144994,184.98,187.8,181.2,1087
06/20/2024,175.56,1703994,184.48,184.48,173.26,1088
06/21/2024,174.5,1729302,175.14,175.14,171.1301,1089
06/24/2024,169.91,1154054,174.5,176.7377,169.33,1090
06/25/2024,173.24,958615,170.38,175.085,169.6105,1091
06/26/2024,173.42,1186647,173.25,176.64,171.49,1092
06/27/2024,172.53,986627,171.99,174.42,170.11,1093
06/28/2024,177.84,2870172,173.01,179.27,173.01,1094
07/01/2024,184.59,1947709,179.7,186.45,177.15,1095
07/02/2024,183.36,1191129,184.59,185.48,180.3201,1096
07/03/2024,179.75,637491,183.35,183.72,178.4401,1097
07/05/2024,171.54,1254128,179.95,181.09,171.45,1098
07/08/2024,178.53,997687,173.31,178.73,171.24,1099
07/09/2024,179.24,885459,179.6,183.7,177.77,1100
07/10/2024,174.1,1190776,182.66,182.95,173.3318,1101
07/11/2024,173.79,2338292,174.53,177.42,167,1102
07/12/2024,173.24,1210762,173.46,179.9,171.17,1103
07/15/2024,167.33,1525214,172.13,173.6859,167.05,1104
07/16/2024,170.08,1305549,170.12,172.9,168.71,1105
07/17/2024,155.78,3062821,163.67,167.37,155.48,1106
07/18/2024,156.98,2028330,155.78,157.11,150.63,1107
07/19/2024,158.51,10174740,157.07,159.96,156,1108
07/22/2024,158.42,2200376,166.78,168.7399,157.71,1109
07/23/2024,161.4,1065503,159.42,163.71,158.26,1110
07/24/2024,154.05,1341625,159,160.1852,153.93,1111
07/25/2024,151.53,1502017,153.18,156.86,146.35,1112
07/26/2024,152.59,1345661,155,155.88,151.05,1113
07/29/2024,151.05,1553020,153.4,155.13,150.3,1114
07/30/2024,146,1663931,151.53,152,144.55,1115
07/31/2024,147.48,1664009,150.37,150.75,145.64,1116
08/01/2024,142.27,1455855,149.99,150.7199,140.89,1117
08/02/2024,132.2,1826130,136.28,136.47,130.39,1118
08/05/2024,134.49,2258639,124.82,136.7,121.41,1119
08/06/2024,138.12,1315684,136.64,139.93,135.4134,1120
08/07/2024,131.56,1769904,142,142.2,131.0401,1121
08/08/2024,141.08,1223676,135.26,141.18,133.55,1122
08/09/2024,146.88,2186019,140.06,150.25,139.3,1123
08/12/2024,154.57,1646823,148.25,155.13,147.43,1124
08/13/2024,153.57,1021080,154.99,155.2,151.39,1125
08/14/2024,153.08,1360598,154.41,157.19,152.27,1126
08/15/2024,162.05,1421541,160.57,162.19,157.3681,1127
08/16/2024,165.08,1066429,160.86,167.2267,160.35,1128
08/19/2024,166.87,1157292,165.37,169.09,163.9226,1129
08/20/2024,166.05,1504263,169.01,172.9,165.33,1130
08/21/2024,170.88,1135519,167.82,171.29,165.375,1131
08/22/2024,165.2,1249077,167.2,171.1,164.88,1132
08/23/2024,169.83,1122942,166.35,171.47,165.94,1133
08/26/2024,165.1,1361634,170.1,170.76,164.25,1134
08/27/2024,166.61,2337115,160.66,168.5,160.25,1135
08/28/2024,138.31,8789885,146.99,148.5,134.49,1136
08/29/2024,142.22,3840329,138.5,143.89,134.46,1137
08/30/2024,147.57,2897910,143,147.87,140.3,1138
09/03/2024,142.94,1749780,147.48,149.145,142.0301,1139
09/04/2024,139.66,1584771,142,142.845,137.67,1140
09/05/2024,137.83,1523397,138,141.35,135.9,1141
09/06/2024,130.93,2254505,136.75,137.8,130.36,1142
09/09/2024,133.26,1635108,131.93,136.21,131.14,1143
09/10/2024,129.86,2179044,133.25,137.75,128.07,1144
09/11/2024,131.21,2111918,129.81,133.27,128.18,1145
09/12/2024,137.54,1660833,131.26,138.365,131.26,1146
09/13/2024,142.19,1650458,139.48,145.55,139.33,1147
09/16/2024,134.62,2248856,140.63,142.5299,132.45,1148
09/17/2024,134.41,1908373,137.18,138.93,133,1149
09/18/2024,135.45,1575206,134.33,139.62,133.4,1150
09/19/2024,139.32,1286490,139.55,141.525,137.6,1151
09/20/2024,141.8,2072936,140,143.08,139.805,1152
09/23/2024,140.65,1272387,141.45,142.54,136.8842,1153
09/24/2024,142.1,1045544,141.67,142.71,139.6,1154
09/25/2024,137.73,1246111,141.03,141.73,136.38,1155
09/26/2024,137.93,1385383,141.5,142.84,134.77,1156
09/27/2024,144.5,1654504,138.22,144.65,137.898,1157
09/30/2024,139.9,2692418,143.53,143.53,133.56,1158
10/01/2024,135.73,1283108,139.27,139.56,135.0004,1159
10/02/2024,133.72,1517412,134.44,136.31,132.33,1160
10/03/2024,134.12,1355770,132.5,134.32,130.87,1161
10/04/2024,146.32,2527500,139,146.4,138.26,1162
10/07/2024,139.04,2405563,144.99,145.32,136.68,1163
10/08/2024,142.37,1402620,142.04,144.21,139.45,1164
10/09/2024,140.87,908443,142.45,142.68,139.32,1165
10/10/2024,143.25,1240346,139.38,144.785,138.1228,1166
10/11/2024,149.75,1340981,142.95,149.8,142.95,1167
10/14/2024,155.52,1821961,150.54,157.72,149.69,1168
10/15/2024,160.24,2051499,156.49,164,156,1169
10/16/2024,163.78,1427398,162.2,165.95,160.24,1170
10/17/2024,160.65,1499750,165,167.71,160.35,1171
10/18/2024,156.75,2394721,160.95,160.96,156.22,1172
10/21/2024,159.89,1063889,156.29,161.0859,153.88,1173
10/22/2024,154.82,1148987,157.48,159.841,154.8,1174
10/23/2024,147.82,1354197,152.33,153.81,146.71,1175
10/24/2024,142.64,1482328,149.01,150.14,141.77,1176
10/25/2024,141.53,1741536,143.06,143.41,139.75,1177
10/28/2024,137.92,1531026,142.235,144.5,137.8,1178
10/29/2024,138.47,1221847,137,139.09,134.4369,1179
10/30/2024,136.54,1004104,138.66,139.85,136.215,1180
10/31/2024,131.79,1149650,135,135.62,131.195,1181
11/01/2024,131.26,920431,133.5,133.98,131.09,1182
11/04/2024,137.8,1766091,133.7,139.3,132.8,1183
11/05/2024,137.35,1097962,138.1,138.42,134.37,1184
11/06/2024,135.3,1645753,144.97,145.74,134.03,1185
11/07/2024,141.56,1529145,136.53,143.6,135.95,1186
11/08/2024,143.97,1223395,141.63,144.34,140.35,1187
11/11/2024,140.25,1351661,147.27,147.98,139.9549,1188
11/12/2024,139.93,1141995,140.79,144.875,137.361,1189
11/13/2024,141.73,1440312,141.51,144.7,140.975,1190
11/14/2024,144.6,1283833,143.87,148.7,143.83,1191
11/15/2024,144.64,946435,144.49,145.1962,141.65,1192
11/18/2024,143.42,938658,146.4,146.71,142.53,1193
11/19/2024,142.58,1338873,142.35,142.69,137.34,1194
11/20/2024,136.81,1326838,141,141.56,136.63,1195
11/21/2024,141.57,1622581,136.99,142.39,134.5001,1196
11/22/2024,151.99,2638943,148.96,154.49,147.92,1197
11/25/2024,154.5,4095209,157.52,161.67,154.5,1198
11/26/2024,146.62,5018267,159.14,160,142.76,1199
11/27/2024,148.56,2282512,151.58,153.63,146,1200
11/29/2024,149.69,1229463,150.2,151.65,146.29,1201
12/02/2024,157.31,2942402,150,163.955,150,1202
12/03/2024,154.97,1615315,156.55,159.67,152.85,1203
12/04/2024,161.52,1532395,154.69,161.59,151.73,1204
12/05/2024,149.95,2647967,158.33,158.655,148.36,1205
12/06/2024,151.35,1519156,151.69,155.62,150.54,1206
12/09/2024,140.07,2742860,151.61,152.015,139.96,1207
12/10/2024,138.26,1626074,139.76,141.58,137.26,1208
12/11/2024,137.21,1824954,138.84,140,136.19,1209
12/12/2024,137.5,1653935,139,139.27,133.81,1210
12/13/2024,142.62,1242792,138.04,142.67,137.81,1211
12/16/2024,146.85,2338507,143.03,152.37,142.19,1212
12/17/2024,152.74,2356255,147,156.36,146.75,1213
12/18/2024,144.9,2023821,153.44,156,143.63,1214
12/19/2024,153.25,1636012,146.38,153.58,146.38,1215
12/20/2024,154.56,3540964,152.29,159.83,151.0001,1216
12/23/2024,152.96,1453506,155.55,156.309,149.32,1217
12/24/2024,152.07,791595,152.49,153.05,149,1218
12/26/2024,155.34,2031918,152.2,157.95,150.97,1219
12/27/2024,153.88,762589,154,156.01,150.62,1220
12/30/2024,154.65,2007964,150.04,155.2,148.57,1221
12/31/2024,149.47,1705574,154.8,157.01,146.935,1222
01/02/2025,153.24,1479022,150.79,158.3,150.79,1223
01/03/2025,158.92,1394080,154.28,159.7,153.74,1224
01/06/2025,156.22,1771309,160.04,161.8,153.77,1225
01/07/2025,152.13,1579589,159.52,164.8,151.58,1226
01/08/2025,151.62,1093295,152.01,153.9415,149.67,1227
01/10/2025,160.92,2425468,152.66,162.16,150.17,1228
01/13/2025,135.72,8810544,146.96,147.91,128.3,1229
01/14/2025,131.39,3405550,137.18,137.25,128.59,1230
01/15/2025,129.99,2734500,132,133.87,128.71,1231
01/16/2025,128.11,1919750,129.81,130.76,126.65,1232
01/17/2025,130.35,1942477,130.06,134.06,128.55,1233
01/21/2025,126.28,2764148,133.41,134.16,124.5,1234
01/22/2025,128.57,1683046,127.6,131.2795,125.01,1235
01/23/2025,124.15,3548591,126.98,127.57,121.0001,1236
01/24/2025,123.42,1733031,125.35,125.51,122.975,1237
01/27/2025,119.53,2416800,119.8,121.355,117.99,1238
01/28/2025,120.83,1626870,120.51,122.56,119.1,1239
01/29/2025,122.61,1320806,120.78,124.6,120.3,1240
01/30/2025,122.71,1502436,123.11,125.91,120.41,1241
01/31/2025,119.38,2419907,122,122.97,117.6125,1242
02/03/2025,115.55,2227016,115.07,116.8,112.68,1243
02/04/2025,114.8,2104729,115.4,116.45,113.34,1244
02/05/2025,113.63,1307720,114.85,115.76,112.56,1245
02/06/2025,114.89,1454004,116.36,116.87,113.08,1246
02/07/2025,114.73,1708856,115,118.2435,113.46,1247
02/10/2025,113.19,1963368,114.98,115.615,109.97,1248
02/11/2025,109.42,1967384,112.43,112.93,107.87,1249
02/12/2025,108.91,1726524,107.87,109.14,106.1,1250
02/13/2025,110.1,1512778,109.5,110.88,107,1251
02/14/2025,112.07,1249091,110.67,112.07,108.31,1252
02/18/2025,108.84,1701880,112.89,113.2,107.87,1253
02/19/2025,105.11,1813076,108.06,108.41,104.37,1254
02/20/2025,103.15,1831254,104.49,104.614,102.075,1255
02/21/2025,100.11,1907929,104.92,105.1,99.51,1256